{
    "scene": {
        "camera": [
            0.0,
            1.75,
            0.4
        ],
        "cameraLookAt": [
            0.0,
            0.0,
            0.3
        ],
        "fov": 36.0,
        "lightPos": [
            -1.001,
            1.75,
            5.0
        ],
        "lightColor": [
            0.8,
            0.8,
            0.6
        ],
        "lightIntensity": 100.0,
        "scale": 100.0
    },
    "0": {
        "sigma_s": [
            0.00011,
            0.00014,
            0.00014
        ],
        "sigma_a": [
            0.00189,
            0.00183,
            0.002
        ],
        "g": [
            0.943,
            0.953,
            0.952
        ],
        "ior": 1.5
    },
    "1": {
        "sigma_s": [
            0.00011,
            0.00014,
            0.00014
        ],
        "sigma_a": [
            0.00189,
            0.00183,
            0.002
        ],
        "g": [
            0.943,
            0.953,
            0.952
        ],
        "ior": 1.5
    },
    "4": {
        "sigma_s": [
            0.00254,
            0.00299,
            0.0
        ],
        "sigma_a": [
            0.10014,
            0.16503,
            0.2468
        ],
        "g": [
            0.965,
            0.972,
            0.0
        ],
        "ior": 1.33
    }
}