{
    "scene": {
        "camera": [
            -0.43,
            4.0,
            5.33
        ],
        "cameraLookAt": [
            0.0,
            1.45,
            0.0
        ],
        "fov": 36.0,
        "lightPos": [
            -0.5,
            4.0,
            4.33
        ],
        "lightColor": [
            0.8,
            0.8,
            0.5
        ],
        "lightIntensity": 100.0,
        "scale": 10.0
    },
    "0": {
        "sigma_s": [
            7.78262,
            8.1305,
            8.53875
        ],
        "sigma_a": [
            4.79838,
            6.57512,
            8.84925
        ],
        "g": [
            0.907,
            0.896,
            0.88
        ],
        "ior": 1.33
    },
    "2": {
        "sigma_s": [
            0.00011,
            0.00014,
            0.00014
        ],
        "sigma_a": [
            0.00189,
            0.00183,
            0.002
        ],
        "g": [
            0.943,
            0.953,
            0.952
        ],
        "ior": 1.5
    },
    "3": {
        "sigma_s": [
            0.00011,
            0.00014,
            0.00014
        ],
        "sigma_a": [
            0.00189,
            0.00183,
            0.002
        ],
        "g": [
            0.943,
            0.953,
            0.952
        ],
        "ior": 1.5
    }
}