{
  "scene": {
    "camera": [0.2, 4.2, 6.5],
    "cameraLookAt": [0.1, 4.1, 0.2],
    "fov": 36.0,
    "lightPos": [-1.001, 5.0, 6.0],
    "lightColor": [0.8, 0.8, 0.6],
    "lightIntensity": 100.0,
    "scale": 10.0
  },
  "0": {
    "sigma_s": [0.18, 0.07, 0.03],
    "sigma_a": [0.97, 0.061, 1.45],
    "g": [0.943, 0.953, 0.952],
    "ior": 1.52
  },
  "1": {
    "sigma_s": [0.18, 0.07, 0.03],
    "sigma_a": [0.061, 0.97, 1.45],
    "g": [0.943, 0.953, 0.952],
    "ior": 1.77
  },
  "2": {
    "sigma_s": [0.00011, 0.00014, 0.00014],
    "sigma_a": [0.00189, 0.00183, 0.002],
    "g": [0.943, 0.953, 0.952],
    "ior": 1.5
  },
  "3": {
    "sigma_s": [0.18, 0.07, 0.03],
    "sigma_a": [0.97, 1.45, 0.061],
    "g": [0.943, 0.953, 0.952],
    "ior": 1.77
  }
}
