{
    "sprite": {
        "sigma_s": [
            0.00011,
            0.00014,
            0.00014
        ],
        "sigma_a": [
            0.00189,
            0.00183,
            0.00200
        ],
        "g": [
            0.94300,
            0.95300,
            0.95200
        ]
    },
    "milk": {
        "sigma_s": [
            18.2052,
            20.3826,
            22.3698
        ],
        "sigma_a": [
            0.00153,
            0.00460,
            0.01993
        ],
        "g": [
            0.75000,
            0.71400,
            0.68100
        ]
    },
    "ketchup": {
        "sigma_s": [
            0.18,
            0.07,
            0.03
        ],
        "sigma_a": [
            0.061,
            0.97,
            1.45
        ],
        "g": [
            0,
            0,
            0
        ]
    },
    "presso": {
        "sigma_s": [
            7.78262,
            8.13050,
            8.53875
        ],
        "sigma_a": [
            4.79838,
            6.57512,
            8.84925
        ],
        "g": [
            0.90700,
            0.89600,
            0.88000
        ]
    },
    "chardonnay": {
        "sigma_s": [
            0.00021,
            0.00033,
            0.00048
        ],
        "sigma_a": [
            0.01078,
            0.01186,
            0.02400
        ],
        "g": [
            0.91400,
            0.95800,
            0.97500
        ]
    }
}