{
  "sprite": {
    "sigma_s": [0.00011, 0.00014, 0.00014],
    "sigma_a": [0.00189, 0.00183, 0.002],
    "g": [0.943, 0.953, 0.952]
  },
  "coca cola": {
    "sigma_s": [0.00254, 0.00299, 0.00000],
    "sigma_a": [0.10014, 0.16503, 0.24680],
    "g": [0.965, 0.972, 0.0]
  },
  "apple juice": {
    "sigma_s": [0.00257, 0.00311, 0.00413],
    "sigma_a": [0.01296, 0.02347, 0.05218],
    "g": [0.947, 0.949, 0.945]
  },
  "grape juice": {
    "sigma_s": [0.00138, 0.00000, 0.00000],
    "sigma_a": [0.10404, 0.23958, 0.29325],
    "g": [0.961, 0.0, 0.0]
  },
  "budweiser": {
    "sigma_s": [0.00029, 0.00055, 0.00059],
    "sigma_a": [0.01149, 0.02491, 0.05579],
    "g": [0.917, 0.956, 0.982]
  },
  "milk": {
    "sigma_s": [18.2052, 20.3826, 22.3698],
    "sigma_a": [0.00153, 0.0046, 0.01993],
    "g": [0.75, 0.714, 0.681]
  },
  "presso": {
    "sigma_s": [7.78262, 8.1305, 8.53875],
    "sigma_a": [4.79838, 6.57512, 8.84925],
    "g": [0.907, 0.896, 0.88]
  },
  "chardonnay": {
    "sigma_s": [0.00021, 0.00033, 0.00048],
    "sigma_a": [0.01078, 0.01186, 0.024],
    "g": [0.914, 0.958, 0.975]
  },
  "emerald (not physically based)": {
    "sigma_s": [0.18, 0.07, 0.03],
    "sigma_a": [0.97, 0.061, 1.45],
    "g": [0.943, 0.953, 0.952]
  },
  "ruby (not physically based)": {
    "sigma_s": [0.18, 0.07, 0.03],
    "sigma_a": [0.061, 0.97, 1.45],
    "g": [0.943, 0.953, 0.952]
  },
  "glass (not physically based)": {
    "sigma_s": [0.00011, 0.00014, 0.00014],
    "sigma_a": [0.00189, 0.00183, 0.002],
    "g": [0.943, 0.953, 0.952]
  },
  "sapphire (not physically based)": {
    "sigma_s": [0.18, 0.07, 0.03],
    "sigma_a": [0.97, 1.45, 0.061],
    "g": [0.943, 0.953, 0.952]
  }
}
