{
    "scene": {
        "camera": [
            0.0,
            1.75,
            6.5
        ],
        "cameraLookAt": [
            0.0,
            0.9,
            0.0
        ],
        "fov": 45.0,
        "lightPos": [
            -1.001,
            2.0,
            5.0
        ],
        "lightColor": [
            0.8,
            0.8,
            0.6
        ],
        "lightIntensity": 50.0,
        "scale": 10.0
    },
    "1": {
        "sigma_s": [
            18.182052,
            20.3826,
            22.3698
        ],
        "sigma_a": [
            0.00153,
            0.0046,
            0.01993
        ],
        "g": [
            0.75,
            0.714,
            0.681
        ],
        "ior": 1.33
    }
}